limited	0.000381242851697	0.000646602398307
four	0.000304994281357	0.000352692217258
hate	7.62485703393e-05	0.000293910181049
increase	0.000533739992375	0.000411474253468
whatsoever	7.62485703393e-05	0.000235128144839
under	0.00114372855509	0.000587820362097
merchant	0.000228745711018	0.000235128144839
collaborate	0.000304994281357	5.87820362097e-05
risk	0.00358368280595	0.000235128144839
regional	0.000914982844072	5.87820362097e-05
every	7.62485703393e-05	0.000881730543146
we'll	7.62485703393e-05	0.000705384434517
withers	0.000381242851697	5.87820362097e-05
companies	0.000304994281357	0.000352692217258
wednesday	0.000533739992375	5.87820362097e-05
enhance	0.000304994281357	5.87820362097e-05
takriti/hou/azurix	0.000381242851697	5.87820362097e-05
force	0.000152497140679	0.000293910181049
direct	0.000304994281357	0.000117564072419
tires	7.62485703393e-05	0.000235128144839
dish	7.62485703393e-05	0.000235128144839
likely	0.000609988562714	5.87820362097e-05
air	0.000304994281357	0.000235128144839
even	0.000304994281357	0.000822948506936
established	0.000152497140679	0.000176346108629
errors	0.000152497140679	0.000352692217258
zesto	7.62485703393e-05	0.000646602398307
entergy	0.000381242851697	5.87820362097e-05
bonuses	7.62485703393e-05	0.000293910181049
above	0.000304994281357	0.000529038325888
toll	7.62485703393e-05	0.000235128144839
new	0.00312619138391	0.00158711497766
net	0.000304994281357	0.00188102515871
increasing	0.000381242851697	5.87820362097e-05
ever	7.62485703393e-05	0.000352692217258
told	0.000304994281357	0.000235128144839
men	7.62485703393e-05	0.000352692217258
drew	0.000228745711018	0.000117564072419
beck	0.000381242851697	0.000117564072419
aren't	7.62485703393e-05	0.000235128144839
celebration	0.000152497140679	0.000176346108629
items	0.000304994281357	0.000764166470727
k	0.000152497140679	0.000235128144839
credit	0.000609988562714	0.000822948506936
lin/hou/ect	0.000381242851697	5.87820362097e-05
confirmations	0.000457491422036	5.87820362097e-05
cindy	0.000457491422036	5.87820362097e-05
california	0.000991231414411	5.87820362097e-05
i'm	0.000304994281357	0.000293910181049
changes	0.000381242851697	5.87820362097e-05
ipps	0.000533739992375	5.87820362097e-05
secure	0.000152497140679	0.000176346108629
julie	0.000457491422036	5.87820362097e-05
thursday	0.000686237133054	0.000176346108629
total	0.000228745711018	0.000411474253468
unit	0.000609988562714	5.87820362097e-05
derivatives	0.000304994281357	5.87820362097e-05
would	0.00335493709493	0.0018222431225
gibner/hou/ect	0.000381242851697	5.87820362097e-05
call	0.000762485703393	0.000411474253468
therefore	0.000304994281357	0.000293910181049
type	7.62485703393e-05	0.000764166470727
tell	7.62485703393e-05	0.000822948506936
evening	0.000152497140679	0.000176346108629
successful	7.62485703393e-05	0.00105807665178
brings	0.000228745711018	0.000235128144839
yahoo	7.62485703393e-05	0.000470256289678
phone	0.000228745711018	0.000646602398307
adult	7.62485703393e-05	0.000235128144839
excellent	7.62485703393e-05	0.000293910181049
hold	7.62485703393e-05	0.000235128144839
must	0.000533739992375	0.000940512579356
me	0.00259245139154	0.00252762755702
join	0.000533739992375	0.000293910181049
room	0.000304994281357	5.87820362097e-05
rights	7.62485703393e-05	0.000293910181049
setup	0.000304994281357	0.000176346108629
work	0.0017537171178	0.000646602398307
mw	0.000304994281357	5.87820362097e-05
ms	7.62485703393e-05	0.000646602398307
mr	0.000228745711018	0.000529038325888
my	0.00297369424323	0.00382083235363
mx	7.62485703393e-05	0.000411474253468
give	0.000533739992375	0.000705384434517
want	0.000304994281357	0.00199858923113
scheduling	0.000381242851697	5.87820362097e-05
keep	0.000609988562714	0.000881730543146
guarantee	7.62485703393e-05	0.000352692217258
ena	0.000838734273732	5.87820362097e-05
end	0.000838734273732	0.000529038325888
turn	0.000152497140679	0.000176346108629
provide	0.000686237133054	0.000822948506936
ie	7.62485703393e-05	0.000235128144839
travel	0.000152497140679	0.000176346108629
how	0.000609988562714	0.00176346108629
answer	7.62485703393e-05	0.000470256289678
place	0.000533739992375	0.000881730543146
earlier	0.000228745711018	0.000176346108629
wrong	7.62485703393e-05	0.000235128144839
president	0.000762485703393	5.87820362097e-05
law	0.000304994281357	0.000176346108629
excited	0.000228745711018	0.000117564072419
purchase	0.000457491422036	0.000411474253468
effective	0.000686237133054	0.000235128144839
enter	7.62485703393e-05	0.000470256289678
entex	0.00114372855509	5.87820362097e-05
operations	0.00320243995425	5.87820362097e-05
office	0.00121997712543	0.000705384434517
over	0.00121997712543	0.00211615330355
expects	0.000304994281357	5.87820362097e-05
london	0.000304994281357	0.000117564072419
japan	0.000304994281357	5.87820362097e-05
before	0.000686237133054	0.000940512579356
personal	0.000381242851697	0.000529038325888
expectations	7.62485703393e-05	0.000293910181049
writing	0.000152497140679	0.000411474253468
better	0.000304994281357	0.000470256289678
production	0.000533739992375	0.000176346108629
weeks	0.000533739992375	5.87820362097e-05
schmidt	7.62485703393e-05	0.000293910181049
then	0.000304994281357	0.00152833294145
coffee	0.000304994281357	0.000176346108629
weakness	0.000228745711018	0.000176346108629
comwww	7.62485703393e-05	0.000705384434517
safe	0.000152497140679	0.000293910181049
break	0.000381242851697	0.000117564072419
they	0.00114372855509	0.00276275570186
one	0.000914982844072	0.00335057606395
bank	7.62485703393e-05	0.000411474253468
alex	0.000381242851697	5.87820362097e-05
l	0.000838734273732	0.000117564072419
sherlyn	0.000304994281357	5.87820362097e-05
each	0.00137247426611	0.000646602398307
went	0.000152497140679	0.000176346108629
carlos	0.000457491422036	5.87820362097e-05
adobe	7.62485703393e-05	0.000764166470727
masson/hou/ect	0.000381242851697	5.87820362097e-05
chirano	7.62485703393e-05	0.000293910181049
trading	0.00228745711018	5.87820362097e-05
xp	7.62485703393e-05	0.000411474253468
god	7.62485703393e-05	0.000235128144839
george	0.000762485703393	5.87820362097e-05
content	0.000152497140679	0.000764166470727
re	0.00182996568814	0.000470256289678
encourage	0.000381242851697	5.87820362097e-05
reader	7.62485703393e-05	0.00129320479661
got	7.62485703393e-05	0.000470256289678
resume	0.000304994281357	5.87820362097e-05
free	0.000609988562714	0.00470256289678
standard	0.000152497140679	0.000176346108629
management	0.00419367136866	5.87820362097e-05
wanted	0.000304994281357	0.000235128144839
text/plain	7.62485703393e-05	0.000235128144839
ate	0.000152497140679	0.000176346108629
created	0.000533739992375	0.000117564072419
refugee	7.62485703393e-05	0.000235128144839
isp	7.62485703393e-05	0.000470256289678
days	0.000304994281357	0.000470256289678
local	0.000457491422036	0.000117564072419
iso	7.62485703393e-05	0.000646602398307
today's	7.62485703393e-05	0.000470256289678
purpose	0.000304994281357	0.000235128144839
already	0.000686237133054	0.000352692217258
features	0.000152497140679	0.000352692217258
com/ezine	7.62485703393e-05	0.000293910181049
primary	0.000304994281357	5.87820362097e-05
another	0.000533739992375	0.000587820362097
keeley's	0.000304994281357	5.87820362097e-05
rated	7.62485703393e-05	0.000235128144839
service	0.000228745711018	0.00276275570186
top	0.000228745711018	0.000470256289678
recruiting	0.000228745711018	0.000117564072419
approximately	0.000381242851697	5.87820362097e-05
needed	0.000609988562714	0.000176346108629
master	7.62485703393e-05	0.000235128144839
listed	0.000381242851697	0.000235128144839
john	0.00137247426611	0.000176346108629
profitbanners	7.62485703393e-05	0.000293910181049
serve	7.62485703393e-05	0.000411474253468
took	0.000152497140679	0.000176346108629
negotiating	0.000304994281357	5.87820362097e-05
western	0.000304994281357	0.000235128144839
distance	0.000152497140679	0.000293910181049
target	0.000152497140679	0.000529038325888
keyword	7.62485703393e-05	0.000293910181049
second	0.000152497140679	0.000235128144839
project	0.000609988562714	0.000705384434517
matter	0.000228745711018	0.000293910181049
historical	0.000304994281357	5.87820362097e-05
skilling	0.000457491422036	5.87820362097e-05
company's	0.000152497140679	0.000176346108629
feeling	0.000228745711018	0.000117564072419
stacey	0.000304994281357	0.000117564072419
mind	0.000152497140679	0.000881730543146
mine	0.000228745711018	0.000352692217258
seen	0.000152497140679	0.000235128144839
seem	7.62485703393e-05	0.000235128144839
ray	0.000381242851697	5.87820362097e-05
responsible	0.000381242851697	5.87820362097e-05
sound	0.000228745711018	0.000117564072419
practices	0.000304994281357	5.87820362097e-05
forces	7.62485703393e-05	0.000352692217258
though	0.000457491422036	0.000117564072419
ebook	7.62485703393e-05	0.000235128144839
what	0.00160121997713	0.00270397366565
germany	7.62485703393e-05	0.000235128144839
letter	7.62485703393e-05	0.00164589701387
doc	0.000304994281357	5.87820362097e-05
flow	0.000609988562714	0.000117564072419
points	0.000152497140679	0.000176346108629
enterprise	7.62485703393e-05	0.000293910181049
consumer	0.000457491422036	5.87820362097e-05
sum	7.62485703393e-05	0.000235128144839
saying	7.62485703393e-05	0.000293910181049
visitor	7.62485703393e-05	0.000235128144839
meetings	0.000533739992375	0.000117564072419
retire	0.000152497140679	0.000176346108629
nominated	0.000381242851697	5.87820362097e-05
participate	0.000304994281357	0.000117564072419
bail	0.000762485703393	5.87820362097e-05
finally	0.000304994281357	5.87820362097e-05
layout	7.62485703393e-05	0.000235128144839
quoted	0.000228745711018	0.000176346108629
louise	0.000686237133054	5.87820362097e-05
implementation	0.000762485703393	5.87820362097e-05
sugar	0.000228745711018	0.000117564072419
rick	0.000762485703393	0.000176346108629
folks	7.62485703393e-05	0.000235128144839
personality	7.62485703393e-05	0.000293910181049
do	0.000762485703393	0.00193980719492
de	7.62485703393e-05	0.000235128144839
stop	0.000457491422036	0.000646602398307
lenders	7.62485703393e-05	0.000293910181049
report	0.000991231414411	0.000176346108629
tips	7.62485703393e-05	0.000293910181049
volatility	0.000381242851697	5.87820362097e-05
earn	7.62485703393e-05	0.000411474253468
officially	0.000304994281357	5.87820362097e-05
bad	0.000228745711018	0.000235128144839
respond	0.000152497140679	0.000470256289678
branding	7.62485703393e-05	0.000529038325888
decided	7.62485703393e-05	0.000352692217258
best	0.000686237133054	0.00117564072419
subject	0.00304994281357	0.000881730543146
brazil	0.000686237133054	5.87820362097e-05
said	0.000152497140679	0.000176346108629
away	0.000381242851697	0.000352692217258
future	0.000381242851697	0.000646602398307
melissa	0.000304994281357	5.87820362097e-05
cooperation	0.000304994281357	5.87820362097e-05
amitava	0.000381242851697	5.87820362097e-05
we	0.00480365993138	0.0060545497296
never	0.000152497140679	0.000411474253468
terms	0.000457491422036	5.87820362097e-05
however	0.000991231414411	0.000176346108629
here	0.000762485703393	0.00282153773807
news	0.000152497140679	0.000411474253468
debt	0.000457491422036	0.000470256289678
received	0.000304994281357	0.000176346108629
country	0.000381242851697	0.00117564072419
against	0.000457491422036	0.000117564072419
coe	0.000381242851697	5.87820362097e-05
receives	0.000381242851697	5.87820362097e-05
com	0.000457491422036	0.00781801081589
asked	0.000228745711018	0.000117564072419
pre	7.62485703393e-05	0.000235128144839
initiative	0.000228745711018	0.000117564072419
trust	7.62485703393e-05	0.000529038325888
speak	0.000381242851697	0.000293910181049
conference	0.000381242851697	0.000235128144839
basis	0.000152497140679	0.000293910181049
referendum	0.000533739992375	5.87820362097e-05
been	0.00236370568052	0.00135198683282
quickly	0.000381242851697	0.000235128144839
commission	0.000152497140679	0.000176346108629
much	0.000762485703393	0.000999294615565
interest	0.000304994281357	0.000587820362097
expected	0.000533739992375	5.87820362097e-05
entered	0.000304994281357	0.000470256289678
enron	0.00739611132291	5.87820362097e-05
stinson	0.000686237133054	5.87820362097e-05
website	7.62485703393e-05	0.00170467905008
life	0.000152497140679	0.000705384434517
concerning	0.000304994281357	0.000352692217258
raymond/hou/ect	0.000381242851697	5.87820362097e-05
dave	0.000762485703393	5.87820362097e-05
child	7.62485703393e-05	0.000235128144839
worked	0.000152497140679	0.000176346108629
applied	0.000457491422036	5.87820362097e-05
has	0.00243995425086	0.00217493533976
n	0.000152497140679	0.000705384434517
near	0.000457491422036	0.000117564072419
ccprod	7.62485703393e-05	0.000235128144839
stopping	7.62485703393e-05	0.000235128144839
voice	0.000381242851697	0.000176346108629
employees	0.000609988562714	5.87820362097e-05
seven	0.000304994281357	0.000176346108629
is	0.00876858558902	0.00799435692452
it	0.00304994281357	0.00728897249001
expenses	0.000152497140679	0.000176346108629
ii	0.000304994281357	5.87820362097e-05
in	0.0139534883721	0.0138725605455
mouse	7.62485703393e-05	0.000352692217258
id	0.000838734273732	0.000293910181049
if	0.00327868852459	0.00387961438984
containing	7.62485703393e-05	0.000235128144839
stella	0.000533739992375	5.87820362097e-05
things	0.000304994281357	0.000352692217258
make	0.000609988562714	0.00170467905008
several	0.000991231414411	0.000352692217258
zadorozhny/hou/ect	0.000381242851697	5.87820362097e-05
pick	0.000228745711018	0.000117564072419
rail	7.62485703393e-05	0.000235128144839
managment	0.000381242851697	5.87820362097e-05
hand	0.000304994281357	0.000176346108629
josey	0.000609988562714	5.87820362097e-05
producers	0.000228745711018	0.000117564072419
opportunity	0.000228745711018	0.000470256289678
programs	0.000228745711018	0.000705384434517
settled	0.000304994281357	5.87820362097e-05
thu	0.000686237133054	5.87820362097e-05
contact	0.00137247426611	0.000881730543146
claims	7.62485703393e-05	0.000293910181049
the	0.0419367136866	0.0410886433106
corporate	0.000609988562714	5.87820362097e-05
yours	7.62485703393e-05	0.000235128144839
left	0.000457491422036	5.87820362097e-05
just	0.000686237133054	0.00235128144839
aside	7.62485703393e-05	0.000293910181049
quotes	7.62485703393e-05	0.000235128144839
thanks	0.00266869996188	5.87820362097e-05
human	0.000991231414411	0.000176346108629
yes	0.000228745711018	0.000352692217258
instructed	7.62485703393e-05	0.000235128144839
yet	0.000228745711018	0.000235128144839
previous	0.000762485703393	5.87820362097e-05
had	0.000914982844072	0.000587820362097
board	7.62485703393e-05	0.000235128144839
easy	7.62485703393e-05	0.000999294615565
supervisor	0.000381242851697	5.87820362097e-05
save	7.62485703393e-05	0.000529038325888
rossman	7.62485703393e-05	0.000764166470727
osman	0.000381242851697	5.87820362097e-05
involuntary	0.000686237133054	5.87820362097e-05
gibner	0.000381242851697	5.87820362097e-05
possible	0.000762485703393	0.000529038325888
supervisors	0.000457491422036	5.87820362097e-05
background	0.000228745711018	0.000470256289678
wanting	7.62485703393e-05	0.000293910181049
judge	0.000304994281357	5.87820362097e-05
desire	7.62485703393e-05	0.000235128144839
gift	0.000381242851697	0.000587820362097
securities	0.000381242851697	0.000117564072419
offices	0.000304994281357	5.87820362097e-05
officer	0.000304994281357	5.87820362097e-05
night	0.000304994281357	0.000117564072419
security	0.000152497140679	0.000587820362097
www	0.000152497140679	0.00270397366565
right	0.000228745711018	0.000940512579356
old	0.000152497140679	0.000411474253468
deal	0.000991231414411	0.000235128144839
people	0.000609988562714	0.00188102515871
dead	0.000152497140679	0.000176346108629
sure	0.000381242851697	0.000470256289678
meters	0.000304994281357	5.87820362097e-05
paragraphs	7.62485703393e-05	0.000529038325888
dear	0.000152497140679	0.000352692217258
specific	0.000228745711018	0.000352692217258
for	0.013038505528	0.0119915353868
/	0.0117422798323	0.00111685868798
everything	0.000381242851697	0.000293910181049
individuals	0.000381242851697	5.87820362097e-05
shakespeare	7.62485703393e-05	0.000235128144839
christmas	0.00160121997713	5.87820362097e-05
camp/hou/ect	0.000533739992375	5.87820362097e-05
marketing	0.000533739992375	0.00135198683282
corp	0.000457491422036	0.000176346108629
post	7.62485703393e-05	0.000587820362097
super	7.62485703393e-05	0.000352692217258
valium	7.62485703393e-05	0.000235128144839
eat	0.000152497140679	0.000176346108629
shanbhogue/hou/ect	0.000381242851697	5.87820362097e-05
dollars	0.000152497140679	0.000411474253468
months	0.000457491422036	0.000352692217258
o	7.62485703393e-05	0.000352692217258
plus	0.000152497140679	0.000235128144839
afternoon	0.000304994281357	0.000117564072419
shared	0.000381242851697	5.87820362097e-05
automatically	0.000152497140679	0.000411474253468
duke	0.000381242851697	5.87820362097e-05
presence	0.000304994281357	5.87820362097e-05
samer	0.000457491422036	5.87820362097e-05
son	7.62485703393e-05	0.000529038325888
down	0.000152497140679	0.000646602398307
doctrine	0.000381242851697	5.87820362097e-05
krishnarao/hou/ect	0.000381242851697	5.87820362097e-05
support	0.00114372855509	0.000176346108629
initial	0.000381242851697	0.000235128144839
joseph	0.000457491422036	0.000176346108629
editor	7.62485703393e-05	0.000235128144839
fraction	7.62485703393e-05	0.000293910181049
was	0.00160121997713	0.00288031977428
happy	0.000381242851697	5.87820362097e-05
head	7.62485703393e-05	0.000235128144839
pcenergy	0.000304994281357	5.87820362097e-05
offering	7.62485703393e-05	0.000470256289678
offer	0.000228745711018	0.00146955090524
angelova/hou/ect	0.000381242851697	5.87820362097e-05
forever	7.62485703393e-05	0.000235128144839
hear	0.000228745711018	0.000117564072419
removed	7.62485703393e-05	0.000293910181049
true	7.62485703393e-05	0.000587820362097
congratulations	0.000381242851697	0.000176346108629
attached	0.000609988562714	0.000117564072419
until	0.000991231414411	0.000352692217258
benchmarks	0.000304994281357	5.87820362097e-05
delete	0.000609988562714	0.000117564072419
moore	0.00205871139916	5.87820362097e-05
expertise	0.000609988562714	0.000117564072419
accounting	0.000457491422036	5.87820362097e-05
check	0.000152497140679	0.000176346108629
physical	0.000533739992375	5.87820362097e-05
no	0.000991231414411	0.0024100634846
na	0.000152497140679	0.000235128144839
nd	0.000228745711018	0.000176346108629
tin	7.62485703393e-05	0.000352692217258
interested	0.000304994281357	0.000470256289678
role	0.00144872283645	5.87820362097e-05
operators	7.62485703393e-05	0.000235128144839
picture	7.62485703393e-05	0.000293910181049
intend	0.000228745711018	0.000117564072419
utilities	0.00152497140679	5.87820362097e-05
let's	0.000228745711018	0.000117564072419
maureen	0.000457491422036	5.87820362097e-05
weekend	0.000304994281357	5.87820362097e-05
billion	0.000457491422036	0.000117564072419
cheated	7.62485703393e-05	0.000293910181049
bullet	7.62485703393e-05	0.000352692217258
proposed	0.000228745711018	0.000117564072419
modules	0.000381242851697	5.87820362097e-05
together	0.000152497140679	0.000411474253468
beds	7.62485703393e-05	0.000235128144839
time	0.00137247426611	0.00164589701387
managed	0.000304994281357	0.000293910181049
global	0.00335493709493	0.000117564072419
focus	0.000152497140679	0.000235128144839
leads	7.62485703393e-05	0.000705384434517
manager	0.000686237133054	5.87820362097e-05
manages	0.000304994281357	5.87820362097e-05
comments	7.62485703393e-05	0.000822948506936
lauri	0.000381242851697	5.87820362097e-05
commentaries	7.62485703393e-05	0.000235128144839
targeted	7.62485703393e-05	0.000705384434517
certainly	7.62485703393e-05	0.000293910181049
father	7.62485703393e-05	0.000293910181049
environment	7.62485703393e-05	0.000235128144839
charge	0.000457491422036	0.000411474253468
asking	0.000457491422036	0.000352692217258
brown	0.000152497140679	0.000176346108629
consolidation	0.000304994281357	0.000235128144839
entries	7.62485703393e-05	0.000235128144839
cook	0.000304994281357	5.87820362097e-05
word	0.000228745711018	0.000470256289678
dhar/corp/enron	0.000381242851697	5.87820362097e-05
roving	7.62485703393e-05	0.000235128144839
minute	0.000228745711018	0.000176346108629
cool	0.000304994281357	5.87820362097e-05
aggressively	0.000228745711018	0.000117564072419
level	0.000228745711018	0.000176346108629
did	0.000381242851697	0.000293910181049
leave	0.000304994281357	0.000117564072419
item	7.62485703393e-05	0.000235128144839
team	0.00144872283645	0.000117564072419
quick	0.000152497140679	0.000176346108629
bd	7.62485703393e-05	0.000470256289678
says	0.000152497140679	0.000176346108629
discover	7.62485703393e-05	0.000235128144839
sign	0.000152497140679	0.000235128144839
cost	0.000381242851697	0.000293910181049
com/roving/d	7.62485703393e-05	0.000235128144839
appear	0.000457491422036	0.000176346108629
assistance	0.000228745711018	0.000529038325888
current	0.000457491422036	0.000293910181049
international	0.000152497140679	0.000352692217258
order	0.000533739992375	0.00229249941218
supporting	0.000457491422036	0.000117564072419
v	0.000304994281357	0.000293910181049
understanding	0.000457491422036	0.000293910181049
groups	0.000228745711018	0.000176346108629
address	0.000152497140679	0.00158711497766
along	7.62485703393e-05	0.000293910181049
appears	0.000304994281357	5.87820362097e-05
change	0.000609988562714	0.000587820362097
box	7.62485703393e-05	0.0012344227604
male	7.62485703393e-05	0.000235128144839
thirty	7.62485703393e-05	0.000235128144839
bonds	0.000533739992375	5.87820362097e-05
example	0.000304994281357	0.000293910181049
trial	7.62485703393e-05	0.000235128144839
women	7.62485703393e-05	0.000235128144839
bob	0.000609988562714	5.87820362097e-05
useful	0.000152497140679	0.000235128144839
extra	0.000381242851697	0.000235128144839
sincerely	0.000152497140679	0.000235128144839
operational	0.000533739992375	5.87820362097e-05
market	0.000762485703393	0.000235128144839
working	0.000457491422036	0.000352692217258
saave	7.62485703393e-05	0.000470256289678
visit	0.000381242851697	0.00158711497766
memory	7.62485703393e-05	0.000235128144839
australian	7.62485703393e-05	0.000235128144839
ca'	0.000304994281357	5.87820362097e-05
today	0.000762485703393	0.00111685868798
roberts/hou/ect	0.000686237133054	5.87820362097e-05
sharing	0.000228745711018	0.000117564072419
suggestions	7.62485703393e-05	0.000352692217258
curriculum	0.000457491422036	5.87820362097e-05
effort	0.000533739992375	5.87820362097e-05
car	7.62485703393e-05	0.000411474253468
reviews	0.000228745711018	0.000293910181049
can	0.00259245139154	0.00340935810016
following	0.00144872283645	0.000587820362097
making	0.000381242851697	0.000822948506936
coral	0.000304994281357	0.000117564072419
claim	7.62485703393e-05	0.000235128144839
december	0.000304994281357	0.000999294615565
newsletters	7.62485703393e-05	0.000293910181049
carroll	0.000304994281357	5.87820362097e-05
agent	7.62485703393e-05	0.000235128144839
sample	7.62485703393e-05	0.000411474253468
dennis	0.000152497140679	0.000176346108629
requirements	0.000381242851697	0.000117564072419
discussion	0.000686237133054	5.87820362097e-05
charset	7.62485703393e-05	0.000705384434517
write	7.62485703393e-05	0.000822948506936
ensure	0.000152497140679	0.000176346108629
banker	0.000304994281357	5.87820362097e-05
product	0.000304994281357	0.00199858923113
explorer	7.62485703393e-05	0.000235128144839
may	0.000914982844072	0.000999294615565
aol	0.000228745711018	0.000293910181049
spot	0.000381242851697	0.000117564072419
membership	7.62485703393e-05	0.00117564072419
designed	0.000152497140679	0.000293910181049
date	0.000381242851697	0.000117564072419
such	0.000304994281357	0.000411474253468
guys	0.000304994281357	5.87820362097e-05
man	0.000152497140679	0.000293910181049
stress	7.62485703393e-05	0.000352692217258
natural	0.000457491422036	0.000117564072419
remember	0.000304994281357	0.000646602398307
commodity	0.000609988562714	0.000117564072419
maybe	0.000228745711018	0.000176346108629
st	0.000228745711018	0.000117564072419
q	0.000228745711018	0.000235128144839
inform	0.000152497140679	0.000176346108629
kaminski/hou/ect	0.000686237133054	5.87820362097e-05
so	0.00190621425848	0.00217493533976
deposit	7.62485703393e-05	0.000293910181049
sc	7.62485703393e-05	0.000352692217258
talk	0.000304994281357	0.000293910181049
feb	0.000304994281357	5.87820362097e-05
webpage	7.62485703393e-05	0.000293910181049
entity	0.000304994281357	5.87820362097e-05
stability	7.62485703393e-05	0.000235128144839
course	7.62485703393e-05	0.000705384434517
still	0.000686237133054	0.000293910181049
group	0.00152497140679	0.000176346108629
thank	0.000457491422036	0.000293910181049
lavorato	0.000304994281357	5.87820362097e-05
interesting	7.62485703393e-05	0.000235128144839
jim	0.000152497140679	0.000176346108629
policy	7.62485703393e-05	0.000411474253468
mail	0.000762485703393	0.0012344227604
nom	0.000686237133054	5.87820362097e-05
non	0.000152497140679	0.000293910181049
finance	0.000381242851697	5.87820362097e-05
matches	7.62485703393e-05	0.000293910181049
aeopublishing	7.62485703393e-05	0.00176346108629
not	0.00350743423561	0.0048201269692
nov	0.000457491422036	5.87820362097e-05
now	0.000533739992375	0.00141076886903
discuss	0.000381242851697	0.000176346108629
term	0.000609988562714	0.000117564072419
name	0.000609988562714	0.000940512579356
domain	0.000228745711018	0.000235128144839
receipt	0.000304994281357	0.000235128144839
eb	0.00129622569577	5.87820362097e-05
phentermine	7.62485703393e-05	0.000235128144839
sponsor	7.62485703393e-05	0.000293910181049
year	0.000991231414411	0.000822948506936
happen	0.000381242851697	5.87820362097e-05
morning	0.000838734273732	0.000176346108629
canada	0.000381242851697	5.87820362097e-05
living	7.62485703393e-05	0.000235128144839
space	7.62485703393e-05	0.000470256289678
profit	7.62485703393e-05	0.000411474253468
looking	7.62485703393e-05	0.000293910181049
bailout	0.000686237133054	5.87820362097e-05
internet	7.62485703393e-05	0.0018222431225
receiving	7.62485703393e-05	0.000352692217258
after	0.000457491422036	0.000881730543146
undercollection	0.000381242851697	5.87820362097e-05
state	0.00205871139916	0.000293910181049
cars	7.62485703393e-05	0.000293910181049
million	7.62485703393e-05	0.00105807665178
possibility	0.000228745711018	0.000176346108629
quite	0.000304994281357	0.000117564072419
complicated	7.62485703393e-05	0.000235128144839
org	0.000228745711018	0.000117564072419
ore	7.62485703393e-05	0.000235128144839
card	7.62485703393e-05	0.000352692217258
care	0.000228745711018	0.000470256289678
advance	0.000381242851697	5.87820362097e-05
training	0.000686237133054	0.000117564072419
language	7.62485703393e-05	0.000235128144839
transition	0.000381242851697	5.87820362097e-05
thing	0.000304994281357	0.000646602398307
turk	7.62485703393e-05	0.000235128144839
think	0.000381242851697	0.000470256289678
first	0.000686237133054	0.00158711497766
yourself	7.62485703393e-05	0.000705384434517
fast	7.62485703393e-05	0.000293910181049
directly	0.000457491422036	0.000176346108629
vote	7.62485703393e-05	0.000470256289678
calpine	0.000304994281357	5.87820362097e-05
message	0.000228745711018	0.00111685868798
open	0.000457491422036	0.000176346108629
cpuc	0.000304994281357	5.87820362097e-05
size	7.62485703393e-05	0.000293910181049
city	7.62485703393e-05	0.000352692217258
little	0.000152497140679	0.000529038325888
district	0.000381242851697	5.87820362097e-05
anyone	0.000228745711018	0.000235128144839
williams	0.000609988562714	5.87820362097e-05
mining	7.62485703393e-05	0.000470256289678
way	0.000304994281357	0.000470256289678
that	0.00632863133816	0.00828826710557
memo	0.000304994281357	5.87820362097e-05
released	7.62485703393e-05	0.000293910181049
shirley	0.00144872283645	5.87820362097e-05
copy	7.62485703393e-05	0.000764166470727
than	0.00137247426611	0.000940512579356
here's	0.000228745711018	0.000176346108629
professionals	0.000304994281357	5.87820362097e-05
third	0.000152497140679	0.000176346108629
jana	7.62485703393e-05	0.000235128144839
require	0.000228745711018	0.000117564072419
transferred	0.000228745711018	0.000117564072419
r	0.000228745711018	0.000881730543146
venture	7.62485703393e-05	0.000352692217258
were	0.000533739992375	0.0012344227604
cards	0.000152497140679	0.000293910181049
individualized	0.000304994281357	5.87820362097e-05
and	0.021120853984	0.0228074300494
san	0.000381242851697	5.87820362097e-05
sam	0.000304994281357	5.87820362097e-05
say	0.000228745711018	0.000293910181049
turner	0.000152497140679	0.000176346108629
sap	0.00129622569577	5.87820362097e-05
any	0.00282119710255	0.00246884552081
kevin	0.00373617994663	5.87820362097e-05
form	7.62485703393e-05	0.000705384434517
answering	7.62485703393e-05	0.000235128144839
ideas	0.000304994281357	0.000235128144839
sellinternetaccess	7.62485703393e-05	0.000352692217258
note	0.000304994281357	0.000411474253468
potential	0.000152497140679	0.000470256289678
take	0.000609988562714	0.000764166470727
online	7.62485703393e-05	0.0012344227604
performance	0.000457491422036	0.000176346108629
surf	7.62485703393e-05	0.000352692217258
huang/corp/enron	0.000381242851697	5.87820362097e-05
begin	7.62485703393e-05	0.000352692217258
printer	0.00182996568814	5.87820362097e-05
multiple	0.000152497140679	0.000411474253468
normal	7.62485703393e-05	0.000529038325888
track	7.62485703393e-05	0.000235128144839
price	0.000838734273732	0.000999294615565
knew	0.000152497140679	0.000176346108629
paid	0.000304994281357	0.000176346108629
allen/hou/ect	0.000304994281357	5.87820362097e-05
america	0.00114372855509	0.000117564072419
pages	7.62485703393e-05	0.000587820362097
cc	0.00304994281357	5.87820362097e-05
lawn	0.000152497140679	0.000176346108629
especially	0.000228745711018	0.000176346108629
average	7.62485703393e-05	0.000293910181049
later	0.000686237133054	0.000293910181049
sale	0.000152497140679	0.000587820362097
mrs	7.62485703393e-05	0.000529038325888
federal	0.000381242851697	5.87820362097e-05
professional	7.62485703393e-05	0.000881730543146
senior	0.000762485703393	0.000176346108629
filing	0.000914982844072	5.87820362097e-05
shop	7.62485703393e-05	0.000235128144839
show	0.000381242851697	0.000235128144839
moderator	7.62485703393e-05	0.000293910181049
slow	0.000304994281357	5.87820362097e-05
title	0.000152497140679	0.000235128144839
daily	0.000228745711018	0.000117564072419
outside	0.000152497140679	0.000176346108629
only	0.000914982844072	0.00129320479661
going	0.00121997712543	0.000764166470727
sierra	7.62485703393e-05	0.000352692217258
get	0.00198246282882	0.00305666588291
contracts	0.000914982844072	0.000117564072419
satisfied	7.62485703393e-05	0.000293910181049
cannot	0.000228745711018	0.000235128144839
resource	0.000228745711018	0.000235128144839
summary	0.000457491422036	5.87820362097e-05
bombs	7.62485703393e-05	0.000235128144839
where	0.000381242851697	0.000587820362097
husband	7.62485703393e-05	0.000293910181049
college	7.62485703393e-05	0.000235128144839
com'	0.00533739992375	5.87820362097e-05
encouraged	7.62485703393e-05	0.000235128144839
mortgage	7.62485703393e-05	0.000235128144839
ways	7.62485703393e-05	0.000646602398307
harvey	0.000381242851697	5.87820362097e-05
review	0.000686237133054	0.000293910181049
lavorato/corp/enron	0.000304994281357	5.87820362097e-05
sites	7.62485703393e-05	0.0018222431225
sponsorship	7.62485703393e-05	0.000587820362097
enough	0.000152497140679	0.000352692217258
between	0.000228745711018	0.000352692217258
across	0.000457491422036	0.000352692217258
notice	0.000228745711018	0.000176346108629
jm	7.62485703393e-05	0.000411474253468
article	7.62485703393e-05	0.000235128144839
come	0.000609988562714	0.000764166470727
dates	0.000304994281357	0.000117564072419
successes	7.62485703393e-05	0.000235128144839
many	0.000304994281357	0.00129320479661
region	0.000457491422036	0.000117564072419
contract	0.000533739992375	0.000293910181049
s	0.00198246282882	0.000881730543146
senator	0.000457491422036	5.87820362097e-05
comes	0.000304994281357	0.000235128144839
among	0.000381242851697	0.000235128144839
color	0.00144872283645	0.000117564072419
period	0.000533739992375	0.000176346108629
learning	0.000228745711018	0.000117564072419
ordered	0.000457491422036	0.000117564072419
subscribed	7.62485703393e-05	0.000293910181049
howard	0.00114372855509	5.87820362097e-05
stretch	0.000228745711018	0.000117564072419
west	0.000228745711018	0.000235128144839
informed	0.000228745711018	0.000176346108629
mark	0.000609988562714	0.000117564072419
breath	7.62485703393e-05	0.000352692217258
deposited	7.62485703393e-05	0.000235128144839
mary	0.000609988562714	5.87820362097e-05
engine	7.62485703393e-05	0.000235128144839
direction	0.000381242851697	5.87820362097e-05
enable	7.62485703393e-05	0.000293910181049
shopping	7.62485703393e-05	0.000352692217258
income	7.62485703393e-05	0.000293910181049
offered	7.62485703393e-05	0.000235128144839
andrea	0.000304994281357	5.87820362097e-05
those	0.000457491422036	0.000646602398307
pilot	0.000533739992375	5.87820362097e-05
case	0.000991231414411	0.000117564072419
these	0.00198246282882	0.00152833294145
consultant	7.62485703393e-05	0.000235128144839
cash	0.000762485703393	0.000587820362097
situation	7.62485703393e-05	0.000293910181049
telephone	0.000304994281357	5.87820362097e-05
someone	0.000152497140679	0.000646602398307
cheapsoft	7.62485703393e-05	0.000235128144839
frusco	0.000304994281357	5.87820362097e-05
fame	7.62485703393e-05	0.000235128144839
different	0.000304994281357	0.000176346108629
author	7.62485703393e-05	0.000293910181049
pay	0.000152497140679	0.000293910181049
same	7.62485703393e-05	0.000764166470727
html	7.62485703393e-05	0.000470256289678
week	0.00144872283645	0.0012344227604
extended	0.000152497140679	0.000176346108629
assist	7.62485703393e-05	0.000470256289678
director	0.000228745711018	0.000293910181049
running	0.000228745711018	0.000352692217258
advertisement	7.62485703393e-05	0.000293910181049
pennsylvania	7.62485703393e-05	0.000235128144839
ranch	0.000838734273732	5.87820362097e-05
without	7.62485703393e-05	0.000646602398307
coordinate	0.000457491422036	5.87820362097e-05
summer	7.62485703393e-05	0.000352692217258
being	0.000838734273732	0.000293910181049
money	0.000152497140679	0.00205737126734
enrononline	0.000381242851697	5.87820362097e-05
rest	7.62485703393e-05	0.000352692217258
foot	0.000152497140679	0.000176346108629
weekly	0.000152497140679	0.000235128144839
announcement	0.000152497140679	0.000411474253468
trevino/hou/ect	0.000381242851697	5.87820362097e-05
death	7.62485703393e-05	0.000235128144839
we've	0.000304994281357	0.000176346108629
seems	0.000381242851697	5.87820362097e-05
kimberly	0.000457491422036	5.87820362097e-05
setting	0.000228745711018	0.000117564072419
ca	0.000304994281357	5.87820362097e-05
ross	0.000381242851697	5.87820362097e-05
real	7.62485703393e-05	0.000881730543146
around	0.000381242851697	0.000176346108629
easily	7.62485703393e-05	0.000293910181049
read	0.000152497140679	0.00105807665178
assemblyman	0.000304994281357	5.87820362097e-05
early	0.000381242851697	0.000176346108629
traffic	7.62485703393e-05	0.000646602398307
world	7.62485703393e-05	0.000646602398307
suppliers	0.000533739992375	5.87820362097e-05
server	7.62485703393e-05	0.000352692217258
discarded	7.62485703393e-05	0.000235128144839
audience	0.000228745711018	0.000529038325888
either	0.000609988562714	0.000176346108629
always	7.62485703393e-05	0.000646602398307
pacific	0.000152497140679	0.000176346108629
bless	7.62485703393e-05	0.000235128144839
regina	7.62485703393e-05	0.000411474253468
legal	0.000152497140679	0.000176346108629
critical	0.000838734273732	5.87820362097e-05
provider	7.62485703393e-05	0.000235128144839
measuring	0.000304994281357	5.87820362097e-05
tomorrow	0.000457491422036	5.87820362097e-05
business	0.00182996568814	0.00246884552081
retains	0.000304994281357	5.87820362097e-05
broker	7.62485703393e-05	0.000235128144839
update	0.000914982844072	0.000176346108629
leadership	0.00106747998475	5.87820362097e-05
oo	7.62485703393e-05	0.000411474253468
helping	7.62485703393e-05	0.000235128144839
central	0.000304994281357	5.87820362097e-05
package	0.000381242851697	5.87820362097e-05
of	0.0176134197484	0.0198095462027
industry	0.000152497140679	0.000529038325888
favorite	7.62485703393e-05	0.000470256289678
knave	7.62485703393e-05	0.000235128144839
tlapek/hou/ect	0.000381242851697	5.87820362097e-05
or	0.00365993137629	0.00675993416412
op	7.62485703393e-05	0.000293910181049
outlook	0.000228745711018	0.000117564072419
communication	0.000533739992375	0.000235128144839
image	7.62485703393e-05	0.000587820362097
apologize	0.000228745711018	0.000117564072419
burton	0.000914982844072	5.87820362097e-05
financial	0.000838734273732	0.000176346108629
your	0.00297369424323	0.0210439689631
forwarded	0.00228745711018	5.87820362097e-05
her	0.000838734273732	0.000176346108629
area	0.000152497140679	0.000235128144839
there	0.00182996568814	0.00188102515871
start	0.000152497140679	0.000529038325888
low	0.000228745711018	0.000529038325888
lot	0.000533739992375	0.000293910181049
valley	0.000152497140679	0.000176346108629
complete	7.62485703393e-05	0.000293910181049
regard	0.000533739992375	0.000235128144839
trying	0.000152497140679	0.000176346108629
with	0.00655737704918	0.00681871620033
longer	0.000152497140679	0.000235128144839
pull	0.000381242851697	0.000117564072419
improved	0.000228745711018	0.000235128144839
wholesale	0.00114372855509	0.000117564072419
vasant	0.000457491422036	5.87820362097e-05
agree	0.000152497140679	0.000176346108629
detailed	0.000152497140679	0.000235128144839
ab	0.000457491422036	5.87820362097e-05
ad	7.62485703393e-05	0.00188102515871
tamarchenko/hou/ect	0.000381242851697	5.87820362097e-05
am	0.00518490278307	0.00117564072419
sales	0.000228745711018	0.00246884552081
an	0.00236370568052	0.00282153773807
as	0.00533739992375	0.00411474253468
at	0.00487990850172	0.00493769104162
file	0.000381242851697	0.000176346108629
sitara	0.000304994281357	5.87820362097e-05
fill	7.62485703393e-05	0.000411474253468
again	0.000609988562714	0.000352692217258
personnel	0.000609988562714	5.87820362097e-05
farmer/hou/ect	0.000381242851697	5.87820362097e-05
field	0.000152497140679	0.000176346108629
valid	7.62485703393e-05	0.000293910181049
announcements	0.000304994281357	0.000117564072419
you	0.00770110560427	0.0196332000941
poor	7.62485703393e-05	0.000235128144839
separate	0.000152497140679	0.000411474253468
students	7.62485703393e-05	0.000293910181049
eworld	7.62485703393e-05	0.000293910181049
sezgen/hou/ees	0.000381242851697	5.87820362097e-05
dubuque	7.62485703393e-05	0.000235128144839
mmbtu/d	0.000533739992375	5.87820362097e-05
coverage	0.000152497140679	0.000176346108629
included	0.000152497140679	0.000470256289678
seventhpower	7.62485703393e-05	0.000293910181049
building	0.000304994281357	0.000293910181049
cpm	7.62485703393e-05	0.000411474253468
corel	7.62485703393e-05	0.000293910181049
wife	7.62485703393e-05	0.000235128144839
zimin	0.000457491422036	5.87820362097e-05
invest	7.62485703393e-05	0.000293910181049
hello	0.000304994281357	0.000235128144839
mass	0.000152497140679	0.000176346108629
original	0.000152497140679	0.000176346108629
all	0.00282119710255	0.00446743475194
consider	0.000304994281357	0.000117564072419
month	0.000457491422036	0.000764166470727
deadline	0.000228745711018	0.000293910181049
talks	0.000228745711018	0.000117564072419
follow	0.000152497140679	0.000587820362097
children	7.62485703393e-05	0.000235128144839
prevatt/hou/ect	0.000381242851697	5.87820362097e-05
tx	0.000228745711018	0.000117564072419
opportunities	0.000457491422036	0.000176346108629
gary	0.000533739992375	5.87820362097e-05
to	0.0304231795654	0.0332706324947
program	0.000152497140679	0.000411474253468
th	0.000991231414411	0.000117564072419
activities	0.000838734273732	5.87820362097e-05
fax	0.000304994281357	0.000293910181049
premium	7.62485703393e-05	0.000235128144839
confidential	7.62485703393e-05	0.000352692217258
very	0.000991231414411	0.00117564072419
myinput	7.62485703393e-05	0.000293910181049
crenshaw/hou/ect	0.000838734273732	5.87820362097e-05
uwe	7.62485703393e-05	0.000293910181049
washing	7.62485703393e-05	0.000293910181049
list	0.000304994281357	0.000940512579356
joined	0.000304994281357	5.87820362097e-05
large	7.62485703393e-05	0.000529038325888
small	0.000152497140679	0.000176346108629
i'll	0.000228745711018	0.000235128144839
tel	7.62485703393e-05	0.000235128144839
past	0.000228745711018	0.000117564072419
rate	0.00205871139916	0.000470256289678
titles	7.62485703393e-05	0.000235128144839
design	0.000152497140679	0.000529038325888
perspective	0.000609988562714	5.87820362097e-05
further	0.000609988562714	0.000176346108629
investment	0.000457491422036	0.000822948506936
sue	0.000304994281357	5.87820362097e-05
consumers	0.000152497140679	0.000176346108629
section	0.000152497140679	0.000235128144839
associate	0.000152497140679	0.000176346108629
tanya	0.000381242851697	5.87820362097e-05
version	0.000533739992375	0.000235128144839
full	0.000304994281357	0.00152833294145
answers	7.62485703393e-05	0.000470256289678
hours	0.00137247426611	0.000587820362097
directions	0.000152497140679	0.000235128144839
november	0.000304994281357	5.87820362097e-05
puc	0.000304994281357	5.87820362097e-05
search	7.62485703393e-05	0.000293910181049
allows	0.000228745711018	0.000117564072419
experience	0.00121997712543	0.000176346108629
prior	0.000686237133054	5.87820362097e-05
amount	0.000381242851697	0.000235128144839
advertising	7.62485703393e-05	0.000470256289678
published	0.000152497140679	0.000293910181049
via	0.000533739992375	0.000470256289678
family	7.62485703393e-05	0.000235128144839
africa	7.62485703393e-05	0.000646602398307
ask	0.000228745711018	0.000470256289678
establish	0.000304994281357	0.000352692217258
takes	7.62485703393e-05	0.000470256289678
contains	7.62485703393e-05	0.000293910181049
two	0.000991231414411	0.000764166470727
audit	0.000304994281357	5.87820362097e-05
markets	0.000457491422036	5.87820362097e-05
more	0.00129622569577	0.00293910181049
flat	7.62485703393e-05	0.000352692217258
door	0.000228745711018	0.000235128144839
company	0.000609988562714	0.000940512579356
site	0.000457491422036	0.00329179402775
known	0.000228745711018	0.000176346108629
hurry	0.000228745711018	0.000176346108629
town	0.000152497140679	0.000235128144839
keeping	7.62485703393e-05	0.000293910181049
kaminski	0.000304994281357	5.87820362097e-05
forbearance	0.000381242851697	5.87820362097e-05
paragraph	7.62485703393e-05	0.000411474253468
resources	0.00129622569577	0.000470256289678
learn	0.000304994281357	0.000117564072419
strategies	7.62485703393e-05	0.000352692217258
dec	0.000914982844072	5.87820362097e-05
purchases	0.000228745711018	0.000117564072419
compare	7.62485703393e-05	0.000411474253468
challenging	0.000152497140679	0.000176346108629
share	0.000304994281357	0.000352692217258
accept	7.62485703393e-05	0.000235128144839
socal	0.000304994281357	5.87820362097e-05
states	0.000152497140679	0.000293910181049
numbers	0.000381242851697	0.000352692217258
sense	0.000152497140679	0.000176346108629
information	0.00160121997713	0.00305666588291
needs	0.000533739992375	0.000235128144839
court	0.000381242851697	5.87820362097e-05
goal	7.62485703393e-05	0.000352692217258
rather	0.000304994281357	0.000235128144839
technology	0.000228745711018	0.000117564072419
simplicity	7.62485703393e-05	0.000293910181049
tried	0.000381242851697	0.000117564072419
fw	0.000152497140679	0.000176346108629
advice	0.000152497140679	0.000235128144839
brett	0.000304994281357	5.87820362097e-05
catalog	7.62485703393e-05	0.000352692217258
floor	0.000381242851697	5.87820362097e-05
coming	0.000381242851697	0.000117564072419
response	7.62485703393e-05	0.000293910181049
a	0.0150209683568	0.0203385845286
short	0.000228745711018	0.000411474253468
susan	0.000762485703393	5.87820362097e-05
pinnamaneni	0.000381242851697	5.87820362097e-05
generic	7.62485703393e-05	0.000411474253468
responsibility	0.000838734273732	5.87820362097e-05
media	7.62485703393e-05	0.000235128144839
geographic	0.000381242851697	5.87820362097e-05
that's	7.62485703393e-05	0.000352692217258
photoshop	7.62485703393e-05	0.000235128144839
help	0.000381242851697	0.000764166470727
don't	0.000609988562714	0.00152833294145
developed	0.000152497140679	0.000293910181049
soon	0.000457491422036	0.000293910181049
trade	0.000304994281357	0.00135198683282
held	0.000457491422036	0.000117564072419
paper	0.000304994281357	5.87820362097e-05
through	0.000381242851697	0.000822948506936
cashpromotions	7.62485703393e-05	0.000293910181049
replies	7.62485703393e-05	0.000235128144839
its	0.000914982844072	0.000999294615565
member	7.62485703393e-05	0.00129320479661
late	0.000304994281357	0.000176346108629
systems	0.000381242851697	0.000176346108629
cross	0.000304994281357	5.87820362097e-05
might	0.000533739992375	0.000411474253468
argentine	0.000381242851697	5.87820362097e-05
good	0.000838734273732	0.000822948506936
return	0.000533739992375	0.000176346108629
you've	7.62485703393e-05	0.000293910181049
communities	0.000304994281357	5.87820362097e-05
association	0.000228745711018	0.000117564072419
instructions	7.62485703393e-05	0.000293910181049
bryan	7.62485703393e-05	0.000352692217258
fully	7.62485703393e-05	0.000235128144839
capability	0.000228745711018	0.000117564072419
found	0.000152497140679	0.000352692217258
isn't	7.62485703393e-05	0.000235128144839
everyone	0.000686237133054	0.000470256289678
generation	0.000457491422036	5.87820362097e-05
energy	0.00327868852459	0.000176346108629
hard	0.000381242851697	0.000411474253468
idea	0.000152497140679	0.000293910181049
expect	0.000304994281357	0.000411474253468
beyond	0.000304994281357	5.87820362097e-05
insurance	0.000152497140679	0.000352692217258
really	0.000304994281357	0.000293910181049
specials	7.62485703393e-05	0.000293910181049
p	0.000762485703393	0.000940512579356
robert	0.000533739992375	0.000117564072419
since	0.000914982844072	0.000176346108629
research	0.000457491422036	5.87820362097e-05
issue	0.000457491422036	0.000999294615565
friday	0.000304994281357	0.000235128144839
isps	7.62485703393e-05	0.000235128144839
reason	0.000152497140679	0.000352692217258
base	7.62485703393e-05	0.000293910181049
proxy	7.62485703393e-05	0.000470256289678
members	0.000457491422036	0.000587820362097
put	0.000381242851697	0.000529038325888
beginning	0.000152497140679	0.000235128144839
allocation	0.000533739992375	5.87820362097e-05
benefits	0.000304994281357	0.000529038325888
netnoteinc	7.62485703393e-05	0.000411474253468
w	0.000609988562714	0.000176346108629
copper	7.62485703393e-05	0.000470256289678
major	7.62485703393e-05	0.000352692217258
feel	0.000914982844072	0.000529038325888
number	0.000762485703393	0.000529038325888
done	0.000533739992375	5.87820362097e-05
epenergy	0.000457491422036	5.87820362097e-05
story	7.62485703393e-05	0.00105807665178
script	7.62485703393e-05	0.000235128144839
twenty	0.000152497140679	0.000235128144839
least	0.000381242851697	0.000529038325888
rates	0.000228745711018	0.000352692217258
too	0.000304994281357	0.000587820362097
insure	0.000609988562714	5.87820362097e-05
selling	0.000152497140679	0.000646602398307
relationship	0.000304994281357	0.000235128144839
part	0.000304994281357	0.000411474253468
focusing	0.000304994281357	0.000117564072419
believe	0.000609988562714	0.000470256289678
king	0.000457491422036	5.87820362097e-05
financing	0.000228745711018	0.000176346108629
legs	7.62485703393e-05	0.000235128144839
azurix	0.000533739992375	5.87820362097e-05
greg	0.000304994281357	5.87820362097e-05
outstanding	0.000304994281357	0.000117564072419
sentences	7.62485703393e-05	0.000293910181049
sell	7.62485703393e-05	0.000529038325888
securitization	0.000304994281357	5.87820362097e-05
zero	0.000304994281357	0.000117564072419
self	0.000152497140679	0.000235128144839
also	0.00221120853984	0.00170467905008
recognizing	0.000381242851697	5.87820362097e-05
internal	0.000686237133054	0.000117564072419
build	7.62485703393e-05	0.000764166470727
hgh	7.62485703393e-05	0.000352692217258
showcases	7.62485703393e-05	0.000411474253468
commentary	7.62485703393e-05	0.00111685868798
liz	0.000304994281357	5.87820362097e-05
towards	7.62485703393e-05	0.000293910181049
reach	0.000228745711018	0.000352692217258
most	0.000381242851697	0.00164589701387
jsp	7.62485703393e-05	0.000235128144839
plan	0.00137247426611	5.87820362097e-05
significant	0.000304994281357	0.000117564072419
position	0.000533739992375	0.000117564072419
nothing	0.000228745711018	0.000235128144839
kay	0.000457491422036	5.87820362097e-05
approved	0.000152497140679	0.000352692217258
linkpaks	7.62485703393e-05	0.000293910181049
kg	7.62485703393e-05	0.000235128144839
windows	7.62485703393e-05	0.000764166470727
clear	0.000381242851697	0.000529038325888
ext	0.000304994281357	5.87820362097e-05
microsoft	7.62485703393e-05	0.000411474253468
joining	0.000381242851697	5.87820362097e-05
sector	0.000228745711018	0.000117564072419
particularly	0.000228745711018	0.000117564072419
gold	7.62485703393e-05	0.000881730543146
businesses	7.62485703393e-05	0.000293910181049
carefully	7.62485703393e-05	0.000293910181049
headlines	7.62485703393e-05	0.000293910181049
font	7.62485703393e-05	0.000235128144839
find	0.000152497140679	0.000293910181049
completion	0.000304994281357	5.87820362097e-05
copyright	7.62485703393e-05	0.000470256289678
viagra	7.62485703393e-05	0.000352692217258
pretty	0.000381242851697	5.87820362097e-05
equity	0.000304994281357	0.000176346108629
his	0.000838734273732	0.00176346108629
meanwhile	7.62485703393e-05	0.000235128144839
express	0.000152497140679	0.000235128144839
kind	0.000304994281357	0.000293910181049
b	0.00106747998475	0.000176346108629
valuable	0.000152497140679	0.000529038325888
closely	0.000457491422036	5.87820362097e-05
competing	0.000152497140679	0.000176346108629
during	0.000686237133054	0.000117564072419
him	0.000381242851697	0.000352692217258
merchandise	7.62485703393e-05	0.000235128144839
resolve	0.000381242851697	5.87820362097e-05
remove	7.62485703393e-05	0.000411474253468
banking	0.000381242851697	5.87820362097e-05
allocations	0.000381242851697	5.87820362097e-05
recommendations	0.000304994281357	0.000117564072419
x	0.00137247426611	0.000235128144839
aspermont	7.62485703393e-05	0.000235128144839
wrote	0.000152497140679	0.000176346108629
set	0.000609988562714	0.000529038325888
principal	0.000304994281357	5.87820362097e-05
see	0.000609988562714	0.00164589701387
individual	0.000304994281357	0.000352692217258
are	0.00480365993138	0.00634845991065
close	0.000457491422036	0.000117564072419
pictures	0.000152497140679	0.000470256289678
currently	0.000991231414411	0.000293910181049
please	0.00381242851697	0.00211615330355
probably	0.000228745711018	0.000352692217258
rita	0.000304994281357	5.87820362097e-05
available	0.00114372855509	0.000587820362097
recently	0.000457491422036	5.87820362097e-05
responses	7.62485703393e-05	0.000529038325888
initially	0.000228745711018	0.000176346108629
attention	7.62485703393e-05	0.000235128144839
succeed	0.000152497140679	0.000176346108629
legislature	0.000762485703393	5.87820362097e-05
both	0.000457491422036	0.000646602398307
c	0.000457491422036	0.000646602398307
last	0.000914982844072	0.000470256289678
oversee	0.000304994281357	5.87820362097e-05
wouldn't	7.62485703393e-05	0.000293910181049
connection	7.62485703393e-05	0.000235128144839
became	7.62485703393e-05	0.000293910181049
reply	7.62485703393e-05	0.000352692217258
point	0.000686237133054	0.000470256289678
simple	0.000228745711018	0.000529038325888
sweet	7.62485703393e-05	0.000235128144839
loan	7.62485703393e-05	0.000293910181049
community	0.000152497140679	0.00135198683282
ravi	0.000533739992375	5.87820362097e-05
linux	7.62485703393e-05	0.000293910181049
throughout	7.62485703393e-05	0.000293910181049
create	0.000457491422036	0.000529038325888
political	7.62485703393e-05	0.000235128144839
due	0.000228745711018	0.000470256289678
pc	7.62485703393e-05	0.000352692217258
reduction	0.000304994281357	0.000117564072419
toolbar	7.62485703393e-05	0.000470256289678
brick	7.62485703393e-05	0.000352692217258
meeting	0.00152497140679	5.87820362097e-05
pm	0.00266869996188	0.000235128144839
firm	0.000304994281357	0.000176346108629
champion	7.62485703393e-05	0.000235128144839
niles	0.000304994281357	5.87820362097e-05
what's	7.62485703393e-05	0.000235128144839
gas	0.00289744567289	5.87820362097e-05
bmlm	7.62485703393e-05	0.000293910181049
fund	0.000152497140679	0.000235128144839
understand	0.000304994281357	0.000293910181049
demand	0.000228745711018	0.000117564072419
prices	0.000228745711018	0.000411474253468
crenshaw	0.000304994281357	5.87820362097e-05
unify	0.000304994281357	5.87820362097e-05
look	0.000304994281357	0.000705384434517
straight	0.000381242851697	5.87820362097e-05
bill	0.000533739992375	0.000176346108629
batch	7.62485703393e-05	0.000235128144839
governor	0.000457491422036	5.87820362097e-05
receive	0.000228745711018	0.000646602398307
while	0.000533739992375	0.000529038325888
error	0.000228745711018	0.000411474253468
fun	0.000304994281357	0.000176346108629
scheduled	0.000304994281357	5.87820362097e-05
cents	0.000152497140679	0.000352692217258
itself	0.000152497140679	0.000176346108629
ready	0.000228745711018	0.000235128144839
d'arcy	0.000609988562714	5.87820362097e-05
barney	0.000304994281357	5.87820362097e-05
grant	0.000457491422036	5.87820362097e-05
grand	7.62485703393e-05	0.000235128144839
products	0.000609988562714	0.000999294615565
higher	0.000228745711018	0.000176346108629
development	0.00114372855509	0.000176346108629
thuraisingham/hou/ect	0.000381242851697	5.87820362097e-05
used	0.000381242851697	0.000470256289678
bonus	7.62485703393e-05	0.000352692217258
yesterday	0.000609988562714	5.87820362097e-05
moment	7.62485703393e-05	0.000235128144839
moving	0.000381242851697	0.000117564072419
user	0.000533739992375	0.000176346108629
recent	0.000228745711018	0.000117564072419
daren	0.000609988562714	5.87820362097e-05
try	0.000228745711018	0.000529038325888
spent	0.000304994281357	0.000117564072419
analysis	0.000304994281357	5.87820362097e-05
obviously	0.000152497140679	0.000235128144839
person	0.000228745711018	0.000881730543146
organization	0.000533739992375	5.87820362097e-05
spend	7.62485703393e-05	0.000529038325888
leone	7.62485703393e-05	0.000352692217258
know	0.0017537171178	0.0012344227604
reliant	0.000381242851697	5.87820362097e-05
competitive	7.62485703393e-05	0.000235128144839
reviewed	7.62485703393e-05	0.000293910181049
questions	0.00160121997713	0.000999294615565
using	0.000304994281357	0.000940512579356
regardless	0.000381242851697	5.87820362097e-05
guaranteed	7.62485703393e-05	0.000293910181049
source	0.000381242851697	0.000117564072419
location	0.000914982844072	5.87820362097e-05
input	0.000457491422036	0.000117564072419
submissions	7.62485703393e-05	0.000293910181049
remaining	0.000228745711018	0.000117564072419
chairman	0.000304994281357	0.000117564072419
customers	7.62485703393e-05	0.000293910181049
australia	0.000304994281357	0.000470256289678
format	7.62485703393e-05	0.000235128144839
big	0.000304994281357	0.000470256289678
unlimited	7.62485703393e-05	0.000293910181049
game	0.000381242851697	5.87820362097e-05
baskets	0.000457491422036	5.87820362097e-05
d	0.000533739992375	0.000646602398307
ees	0.000381242851697	5.87820362097e-05
continue	0.000914982844072	0.000293910181049
often	7.62485703393e-05	0.000587820362097
creation	0.000304994281357	5.87820362097e-05
some	0.00304994281357	0.00176346108629
back	0.000686237133054	0.00111685868798
urgent	0.000228745711018	0.000352692217258
pricing	0.000228745711018	0.000176346108629
mirror	0.000304994281357	5.87820362097e-05
newsletter	7.62485703393e-05	0.00146955090524
tang/hou/ect	0.000381242851697	5.87820362097e-05
delivered	0.000304994281357	0.000176346108629
and/or	0.000228745711018	0.000235128144839
shall	0.000152497140679	0.000529038325888
benefit	0.000228745711018	0.000529038325888
per	0.000228745711018	0.000587820362097
bannerco	7.62485703393e-05	0.000293910181049
eliminate	7.62485703393e-05	0.000235128144839
innovation	0.000381242851697	5.87820362097e-05
t	0.000228745711018	0.000293910181049
cgi	7.62485703393e-05	0.000352692217258
be	0.00823484559665	0.00681871620033
processing	0.000381242851697	0.000293910181049
agreement	0.000991231414411	0.000293910181049
bp	0.000304994281357	5.87820362097e-05
oem	7.62485703393e-05	0.000235128144839
become	7.62485703393e-05	0.000411474253468
from	0.00442241707968	0.00458499882436
by	0.00510865421273	0.00458499882436
pipeline	0.000304994281357	5.87820362097e-05
roibot	7.62485703393e-05	0.000235128144839
anything	0.000381242851697	0.000470256289678
microsale	7.62485703393e-05	0.000529038325888
block	0.000228745711018	0.000235128144839
into	0.000991231414411	0.00146955090524
within	0.00106747998475	0.000764166470727
services	0.000381242851697	0.000764166470727
appropriate	0.000304994281357	5.87820362097e-05
lesson	7.62485703393e-05	0.000352692217258
bankruptcy	0.00144872283645	0.000176346108629
spam	7.62485703393e-05	0.000470256289678
question	7.62485703393e-05	0.000705384434517
specifically	7.62485703393e-05	0.000293910181049
forward	0.000991231414411	0.000117564072419
files	0.000304994281357	5.87820362097e-05
invite	0.000304994281357	0.000235128144839
registered	0.000304994281357	0.000117564072419
link	0.000152497140679	0.000352692217258
filed	0.000533739992375	5.87820362097e-05
line	0.000457491422036	0.000999294615565
info	0.000304994281357	0.000352692217258
up	0.00160121997713	0.00164589701387
us	0.000762485703393	0.00246884552081
uk	7.62485703393e-05	0.000293910181049
highlight	0.000228745711018	0.000117564072419
called	7.62485703393e-05	0.000235128144839
associated	0.000228745711018	0.000176346108629
m	0.000914982844072	0.000940512579356
kathryn	0.000304994281357	5.87820362097e-05
single	0.000152497140679	0.000235128144839
lyn	0.000609988562714	5.87820362097e-05
peace	7.62485703393e-05	0.000293910181049
application	7.62485703393e-05	0.000293910181049
functionality	0.000381242851697	5.87820362097e-05
gra	7.62485703393e-05	0.000235128144839
nice	0.000228745711018	0.000117564072419
draw	7.62485703393e-05	0.000352692217258
users	0.000533739992375	5.87820362097e-05
gross	0.000304994281357	5.87820362097e-05
problems	0.000152497140679	0.000293910181049
regulations	0.000304994281357	5.87820362097e-05
structure	0.000457491422036	5.87820362097e-05
e	0.00167746854746	0.00229249941218
vice	0.000762485703393	5.87820362097e-05
mailing	7.62485703393e-05	0.000235128144839
age	7.62485703393e-05	0.000352692217258
far	0.000228745711018	0.000235128144839
having	0.000457491422036	0.000117564072419
provided	7.62485703393e-05	0.000235128144839
once	0.000381242851697	0.000293910181049
jason	0.000457491422036	5.87820362097e-05
issued	0.000304994281357	0.000117564072419
results	0.000152497140679	0.000352692217258
existing	0.000304994281357	0.000176346108629
go	0.000381242851697	0.000470256289678
transistion	0.000457491422036	5.87820362097e-05
issues	0.00129622569577	0.000117564072419
send	0.000304994281357	0.0012344227604
affiliates	7.62485703393e-05	0.000411474253468
suite	0.000228745711018	0.000235128144839
include	0.000304994281357	0.000587820362097
sent	0.000609988562714	0.000587820362097
confirmation	0.000152497140679	0.000176346108629
continues	0.000228745711018	0.000117564072419
continued	0.000152497140679	0.000176346108629
minerals	7.62485703393e-05	0.000293910181049
arrange	0.000304994281357	0.000176346108629
transmission	0.000838734273732	5.87820362097e-05
joel	7.62485703393e-05	0.000411474253468
michael	0.000609988562714	0.000117564072419
deals	0.000304994281357	5.87820362097e-05
threat	0.000381242851697	5.87820362097e-05
noted	0.000381242851697	5.87820362097e-05
smaller	0.000381242851697	0.000176346108629
timshometownstories	7.62485703393e-05	0.000235128144839
myshoppingplace	7.62485703393e-05	0.000293910181049
click	0.000152497140679	0.00235128144839
power	0.00167746854746	0.000176346108629
showcase	7.62485703393e-05	0.0012344227604
networks	0.000457491422036	0.000117564072419
access	0.000228745711018	0.000646602398307
paying	0.000304994281357	5.87820362097e-05
capital	0.000304994281357	0.000293910181049
morris/hou/ect	0.000304994281357	5.87820362097e-05
body	7.62485703393e-05	0.000587820362097
impact	0.000304994281357	5.87820362097e-05
proliferation	0.000304994281357	5.87820362097e-05
exchange	0.000152497140679	0.000764166470727
commercial	0.00137247426611	0.000235128144839
let	0.00129622569577	0.000999294615565
others	0.000304994281357	0.000117564072419
great	0.000686237133054	0.000764166470727
northern	7.62485703393e-05	0.000235128144839
technical	7.62485703393e-05	0.000235128144839
involved	0.000228745711018	0.000352692217258
larger	0.000304994281357	5.87820362097e-05
survey	7.62485703393e-05	0.000235128144839
opinion	0.000228745711018	0.000235128144839
makes	7.62485703393e-05	0.000352692217258
sheila	0.000381242851697	5.87820362097e-05
addresses	0.000152497140679	0.000293910181049
win	7.62485703393e-05	0.00111685868798
manage	0.000228745711018	0.000117564072419
private	7.62485703393e-05	0.000352692217258
names	0.000457491422036	0.000176346108629
apply	0.000152497140679	0.000235128144839
standing	7.62485703393e-05	0.000411474253468
use	0.000381242851697	0.00235128144839
fee	0.000228745711018	0.000293910181049
lottery	7.62485703393e-05	0.000411474253468
next	0.000991231414411	0.000940512579356
few	0.000686237133054	0.000293910181049
doubt	7.62485703393e-05	0.000235128144839
themselves	0.000152497140679	0.000235128144839
on	0.0103698055661	0.00805313896073
started	7.62485703393e-05	0.000235128144839
didn't	0.000152497140679	0.000235128144839
about	0.000762485703393	0.00258640959323
train	7.62485703393e-05	0.000470256289678
ok	7.62485703393e-05	0.000293910181049
causey	0.000609988562714	5.87820362097e-05
subscription	7.62485703393e-05	0.000646602398307
customer	0.000152497140679	0.00135198683282
account	0.00129622569577	0.0012344227604
this	0.00914982844072	0.0084646132142
when	0.000991231414411	0.00129320479661
anywhere	7.62485703393e-05	0.000235128144839
meet	0.000381242851697	0.000352692217258
control	0.000457491422036	0.000235128144839
reserved	0.000152497140679	0.000176346108629
links	7.62485703393e-05	0.0018222431225
process	0.000609988562714	0.000411474253468
high	0.000533739992375	0.000587820362097
effectively	0.000304994281357	0.000176346108629
something	0.000457491422036	0.000235128144839
dwr	0.000304994281357	5.87820362097e-05
hesitate	7.62485703393e-05	0.000293910181049
united	0.000152497140679	0.000293910181049
six	0.000152497140679	0.000176346108629
regions	0.000457491422036	0.000117564072419
located	0.000304994281357	0.000117564072419
responsibilities	0.000609988562714	5.87820362097e-05
instead	7.62485703393e-05	0.000235128144839
stock	0.000304994281357	0.000176346108629
profile	0.000228745711018	0.000117564072419
attend	0.000533739992375	0.000117564072419
act	0.000228745711018	0.000352692217258
them	0.000762485703393	0.00282153773807
spelling	7.62485703393e-05	0.000235128144839
chapman	0.000381242851697	5.87820362097e-05
chief	0.000381242851697	5.87820362097e-05
cote	7.62485703393e-05	0.000235128144839
martina	0.000381242851697	5.87820362097e-05
allow	0.000609988562714	0.000352692217258
houston	0.00106747998475	5.87820362097e-05
move	0.000304994281357	0.000352692217258
meter	0.00106747998475	5.87820362097e-05
including	0.000991231414411	0.000293910181049
looks	0.000152497140679	0.000293910181049
mentioned	0.000304994281357	0.000176346108629
perfect	0.000152497140679	0.000176346108629
thanking	0.000152497140679	0.000176346108629
inlet	0.000381242851697	5.87820362097e-05
chosen	0.000152497140679	0.000235128144839
winning	7.62485703393e-05	0.000293910181049
choose	7.62485703393e-05	0.000293910181049
reliantenergy	0.000304994281357	5.87820362097e-05
holiday	0.000304994281357	5.87820362097e-05
prosper	7.62485703393e-05	0.000235128144839
moore/hou/ect	0.00106747998475	5.87820362097e-05
mention	7.62485703393e-05	0.000235128144839
front	0.000304994281357	5.87820362097e-05
assets	0.00106747998475	0.000117564072419
realize	7.62485703393e-05	0.000235128144839
weissman/hou/ect	0.000381242851697	5.87820362097e-05
february	0.000838734273732	5.87820362097e-05
edit	7.62485703393e-05	0.000705384434517
bills	0.000457491422036	0.000117564072419
activate	7.62485703393e-05	0.000293910181049
doing	7.62485703393e-05	0.000411474253468
globe	0.000304994281357	5.87820362097e-05
parties	7.62485703393e-05	0.000293910181049
carroll/sa/enron	0.000304994281357	5.87820362097e-05
special	0.000152497140679	0.000822948506936
out	0.0025162028212	0.00229249941218
'	0.000304994281357	0.000176346108629
rev	0.000381242851697	5.87820362097e-05
appeals	7.62485703393e-05	0.000293910181049
supports	0.000304994281357	5.87820362097e-05
await	7.62485703393e-05	0.000293910181049
payroll	0.000457491422036	5.87820362097e-05
ect	0.0140297369424	5.87820362097e-05
anyhow	0.000381242851697	0.000117564072419
vincent	0.000457491422036	5.87820362097e-05
g	0.00198246282882	0.000470256289678
phrases	7.62485703393e-05	0.000235128144839
could	0.000457491422036	0.000822948506936
times	0.000304994281357	0.000176346108629
qualification	7.62485703393e-05	0.000235128144839
davis	0.000609988562714	5.87820362097e-05
retail	0.000304994281357	0.000117564072419
facilitate	0.000381242851697	5.87820362097e-05
south	0.000533739992375	0.000587820362097
powerful	7.62485703393e-05	0.000470256289678
owned	0.000304994281357	0.000176346108629
strategic	0.000152497140679	0.000176346108629
submit	0.000152497140679	0.000587820362097
reached	0.000152497140679	0.000176346108629
quality	0.000381242851697	0.000705384434517
doesn't	7.62485703393e-05	0.000646602398307
long	0.000609988562714	0.000705384434517
privacy	7.62485703393e-05	0.000411474253468
unknown	0.000152497140679	0.000352692217258
assure	0.000381242851697	5.87820362097e-05
system	0.000838734273732	0.000235128144839
relations	0.000304994281357	5.87820362097e-05
their	0.00114372855509	0.00158711497766
norton	7.62485703393e-05	0.000235128144839
final	0.000457491422036	0.000117564072419
interests	7.62485703393e-05	0.000470256289678
exactly	7.62485703393e-05	0.000293910181049
regards	0.000533739992375	0.000117564072419
unsubscribe	7.62485703393e-05	0.000999294615565
providing	0.000152497140679	0.000352692217258
creditors	0.000304994281357	0.000117564072419
mysiteinc	7.62485703393e-05	0.000293910181049
putpeel	7.62485703393e-05	0.000529038325888
have	0.00533739992375	0.00599576769339
need	0.00282119710255	0.00111685868798
documents	7.62485703393e-05	0.000293910181049
recap	0.000228745711018	0.000117564072419
able	0.000304994281357	0.000705384434517
mid	0.000228745711018	0.000117564072419
concerns	0.000304994281357	0.000117564072419
which	0.00182996568814	0.00146955090524
bus	0.000228745711018	0.000176346108629
linda	0.000381242851697	5.87820362097e-05
techniques	7.62485703393e-05	0.000352692217258
worldwide	0.000533739992375	0.000352692217258
miningnews	7.62485703393e-05	0.000587820362097
unless	0.000304994281357	0.000176346108629
who	0.000686237133054	0.00117564072419
but	0.0021349599695	0.0024100634846
sally	0.00266869996188	5.87820362097e-05
why	7.62485703393e-05	0.000705384434517
delivery	0.000686237133054	0.000235128144839
amortize	0.000381242851697	5.87820362097e-05
url	7.62485703393e-05	0.000235128144839
request	0.000304994281357	0.000705384434517
you'll	7.62485703393e-05	0.000352692217258
fact	0.000152497140679	0.000470256289678
bannersgomlm	7.62485703393e-05	0.000529038325888
ecomog	7.62485703393e-05	0.000235128144839
impression	7.62485703393e-05	0.000235128144839
selection	0.000228745711018	0.000176346108629
chances	7.62485703393e-05	0.000293910181049
text	0.000228745711018	0.000529038325888
democrats	0.000304994281357	5.87820362097e-05
fear	7.62485703393e-05	0.000293910181049
pleased	0.000152497140679	0.000176346108629
staff	0.000381242851697	0.000117564072419
partners	0.000228745711018	0.000176346108629
based	0.000609988562714	0.000529038325888
knowledge	0.000381242851697	5.87820362097e-05
winner	7.62485703393e-05	0.000235128144839
controls	0.000533739992375	5.87820362097e-05
should	0.000762485703393	0.00111685868798
jan	0.000381242851697	5.87820362097e-05
unable	0.000304994281357	5.87820362097e-05
employee	0.000533739992375	5.87820362097e-05
thousands	0.000152497140679	0.000176346108629
hope	0.000457491422036	0.000235128144839
kindall/corp/enron	0.000381242851697	5.87820362097e-05
means	0.000228745711018	0.000293910181049
bear	0.000228745711018	0.000176346108629
words	7.62485703393e-05	0.000529038325888
years	0.00137247426611	0.000352692217258
procedures	0.000304994281357	5.87820362097e-05
unblocking	7.62485703393e-05	0.000293910181049
areas	0.000228745711018	0.000117564072419
sergeev/hou/ect	0.000381242851697	5.87820362097e-05
h	0.000228745711018	0.000352692217258
sokolov/hou/ect	0.000381242851697	5.87820362097e-05
stuff	0.000304994281357	0.000117564072419
she	0.00137247426611	0.000117564072419
won't	7.62485703393e-05	0.000352692217258
view	0.000457491422036	0.000411474253468
j	0.00167746854746	0.000117564072419
freeze	0.000304994281357	5.87820362097e-05
edition	7.62485703393e-05	0.000352692217258
computer	7.62485703393e-05	0.000470256289678
favor	0.000152497140679	0.000235128144839
written	0.000152497140679	0.000352692217258
email	0.000533739992375	0.0024100634846
bought	0.000228745711018	0.000117564072419
opening	0.000304994281357	0.000117564072419
freelinksnetwork	7.62485703393e-05	0.000293910181049
job	0.000304994281357	5.87820362097e-05
key	0.000762485703393	0.000117564072419
distribution	0.000304994281357	5.87820362097e-05
david	0.00137247426611	5.87820362097e-05
taking	0.000228745711018	0.000176346108629
etc	0.000381242851697	0.000352692217258
afraid	0.000152497140679	0.000235128144839
cj	7.62485703393e-05	0.000352692217258
co	0.000228745711018	0.000176346108629
wall	0.000152497140679	0.000352692217258
tuesday	0.000381242851697	5.87820362097e-05
subscribe	7.62485703393e-05	0.000470256289678
taylor	0.000304994281357	5.87820362097e-05
respect	0.000152497140679	0.000235128144839
nomination	0.000381242851697	5.87820362097e-05
mailto	7.62485703393e-05	0.000705384434517
powered	7.62485703393e-05	0.000235128144839
addition	0.000457491422036	5.87820362097e-05
it's	0.000152497140679	0.00176346108629
agreements	0.000304994281357	5.87820362097e-05
proposal	0.000228745711018	0.000470256289678
mike	0.000914982844072	5.87820362097e-05
nickel	7.62485703393e-05	0.000293910181049
vince	0.00137247426611	5.87820362097e-05
finished	0.000152497140679	0.000352692217258
graphics	7.62485703393e-05	0.000352692217258
smoking	7.62485703393e-05	0.000470256289678
general	0.000152497140679	0.000293910181049
examine	7.62485703393e-05	0.000235128144839
value	0.000304994281357	0.000529038325888
will	0.0101410598551	0.0060545497296
secrets	7.62485703393e-05	0.000352692217258
hubs	0.000304994281357	5.87820362097e-05
intranet	0.000304994281357	5.87820362097e-05
supply	0.000304994281357	0.000117564072419
almost	7.62485703393e-05	0.000235128144839
designs	7.62485703393e-05	0.000293910181049
arrangements	7.62485703393e-05	0.000235128144839
partner	7.62485703393e-05	0.000293910181049
perhaps	0.000152497140679	0.000176346108629
began	0.000228745711018	0.000293910181049
administration	0.000304994281357	5.87820362097e-05
roman	0.000381242851697	5.87820362097e-05
paulo	0.000457491422036	5.87820362097e-05
units	0.000381242851697	5.87820362097e-05
party	0.000228745711018	0.000117564072419
upgradeable	7.62485703393e-05	0.000235128144839
gets	7.62485703393e-05	0.000235128144839
difficult	0.000152497140679	0.000293910181049
http	0.000304994281357	0.00370326828121
raymond	0.000304994281357	5.87820362097e-05
reporting	0.000838734273732	5.87820362097e-05
upon	0.000228745711018	0.000470256289678
php	7.62485703393e-05	0.000235128144839
kimberley	7.62485703393e-05	0.000235128144839
//	0.000152497140679	0.00376205031742
transaction	0.000152497140679	0.000293910181049
off	0.000304994281357	0.000352692217258
center	0.000304994281357	0.000587820362097
i	0.00899733130004	0.00764166470727
well	0.000762485703393	0.000999294615565
vastar	0.000686237133054	5.87820362097e-05
drawing	0.000228745711018	0.000235128144839
stores	7.62485703393e-05	0.000411474253468
less	0.000609988562714	0.000822948506936
executive	0.000533739992375	5.87820362097e-05
obtain	0.000152497140679	0.000235128144839
sources	0.000609988562714	5.87820362097e-05
issler/hou/ect	0.000381242851697	5.87820362097e-05
coordination	0.000304994281357	5.87820362097e-05
web	0.000152497140679	0.00135198683282
sankoh	7.62485703393e-05	0.000235128144839
ads	7.62485703393e-05	0.000352692217258
jeff	0.000381242851697	0.000176346108629
smith	0.000381242851697	0.000117564072419
patricia	0.000381242851697	5.87820362097e-05
day	0.00106747998475	0.000587820362097
arrest	7.62485703393e-05	0.000293910181049
add	0.000228745711018	0.000646602398307
book	0.000228745711018	0.000235128144839
usage	0.000152497140679	0.000235128144839
accomodate	0.000381242851697	5.87820362097e-05
akkabay	7.62485703393e-05	0.000293910181049
increased	7.62485703393e-05	0.000352692217258
government	0.000304994281357	0.000293910181049
checking	0.000152497140679	0.000235128144839
fyi	0.000533739992375	5.87820362097e-05
five	7.62485703393e-05	0.000235128144839
whatever	7.62485703393e-05	0.000293910181049
desk	0.000686237133054	0.000293910181049
press	0.000228745711018	0.000176346108629
immediately	0.000304994281357	0.00117564072419
password	0.000381242851697	0.000117564072419
necessary	0.000381242851697	0.000293910181049
like	0.00121997712543	0.00235128144839
success	0.000381242851697	0.00129320479661
payments	0.000152497140679	0.000470256289678
martin	0.000609988562714	5.87820362097e-05
simply	7.62485703393e-05	0.000352692217258
works	0.000304994281357	0.000529038325888
page	7.62485703393e-05	0.00129320479661
because	0.000381242851697	0.000940512579356
arbitrage	0.000381242851697	5.87820362097e-05
d'ivoire	7.62485703393e-05	0.000235128144839
dynegy	0.000914982844072	5.87820362097e-05
macromedia	7.62485703393e-05	0.000411474253468
growth	7.62485703393e-05	0.000293910181049
home	7.62485703393e-05	0.0012344227604
peter	7.62485703393e-05	0.000235128144839
transport	0.000228745711018	0.000117564072419
lead	0.000457491422036	0.000352692217258
avoid	0.000304994281357	0.000470256289678
xanax	7.62485703393e-05	0.000235128144839
does	0.000381242851697	0.000470256289678
schedule	0.000686237133054	5.87820362097e-05
pressure	0.000304994281357	0.000176346108629
although	0.000228745711018	0.000117564072419
exhibit	0.000152497140679	0.000293910181049
actual	0.000152497140679	0.000235128144839
getting	7.62485703393e-05	0.000529038325888
important	0.000381242851697	0.000529038325888
introduced	0.000304994281357	5.87820362097e-05
software	7.62485703393e-05	0.000822948506936
own	0.000152497140679	0.000881730543146
letters	7.62485703393e-05	0.000705384434517
hrgovcic/hou/ect	0.000381242851697	5.87820362097e-05
three	0.000457491422036	0.000764166470727
female	7.62485703393e-05	0.000235128144839
utility	0.000686237133054	5.87820362097e-05
van	0.000228745711018	0.000117564072419
additional	0.00106747998475	5.87820362097e-05
val	7.62485703393e-05	0.000235128144839
texaco	0.000533739992375	5.87820362097e-05
transfer	7.62485703393e-05	0.000764166470727
secret	7.62485703393e-05	0.000411474253468
rosenfield	0.000533739992375	5.87820362097e-05
pg	0.000533739992375	5.87820362097e-05
function	0.000457491422036	5.87820362097e-05
buy	0.000304994281357	0.000352692217258
north	0.000762485703393	0.000235128144839
i've	0.000457491422036	0.000293910181049
hr	0.00114372855509	5.87820362097e-05
funds	7.62485703393e-05	0.000646602398307
brand	7.62485703393e-05	0.000411474253468
ht	7.62485703393e-05	0.000293910181049
volume	0.000762485703393	5.87820362097e-05
ho	0.000304994281357	5.87820362097e-05
ph	0.000152497140679	0.000176346108629
he	0.000686237133054	0.00229249941218
made	0.000609988562714	0.000529038325888
whether	0.000152497140679	0.000235128144839
wish	7.62485703393e-05	0.000470256289678
scroll	7.62485703393e-05	0.000235128144839
signed	7.62485703393e-05	0.000293910181049
below	0.000609988562714	0.000587820362097
stories	7.62485703393e-05	0.000293910181049
problem	0.000152497140679	0.000293910181049
minutes	7.62485703393e-05	0.000352692217258
our	0.00228745711018	0.00534916529509
girl	7.62485703393e-05	0.000293910181049
inc	0.000762485703393	0.000235128144839
functions	0.000457491422036	5.87820362097e-05
corporation	0.000228745711018	0.000176346108629
lu/hou/ect	0.000381242851697	5.87820362097e-05
other	0.00114372855509	0.00176346108629
details	7.62485703393e-05	0.000235128144839
hpl	0.000991231414411	5.87820362097e-05
u	7.62485703393e-05	0.000235128144839
ashburton	7.62485703393e-05	0.000235128144839
delainey	0.000686237133054	5.87820362097e-05
monday	0.00106747998475	0.000176346108629
june	0.000609988562714	0.000293910181049
chance	0.000304994281357	0.000235128144839
friends	7.62485703393e-05	0.000235128144839
incurred	7.62485703393e-05	0.000235128144839
txuenergy	0.000304994281357	5.87820362097e-05
hikes	0.000381242851697	5.87820362097e-05
